,polish,check,english,sentence,polish_html,english_html,sentence_html
0,azja,azja,asia,"Oczywiście, jeżeli jesteś z Azji, to zajmie ci to trochę dłużej,","<h4 style='color:rgb(0, 180, 250)'>azja</h4>    <p><i><h6>Oczywiście, jeżeli jesteś z Azji, to zajmie ci to trochę dłużej, </h6></i></p>",<h3>asia</h3>,"<p><i><h6>Oczywiście, jeżeli jesteś z Azji, to zajmie ci to trochę dłużej, </h6></i></p>"
1,białoruś,białoruś,belarus,"na Białorusi, Rosji czy Ukrainie","<h4 style='color:rgb(0, 180, 250)'>białoruś</h4>    <p><i><h6>na Białorusi, Rosji czy Ukrainie </h6></i></p>",<h3>belarus</h3>,"<p><i><h6>na Białorusi, Rosji czy Ukrainie </h6></i></p>"
2,brakować,brakować,to be missing,"ale brakuje wam regularnej praktyki,","<h4 style='color:rgb(0, 180, 250)'>brakować</h4>    <p><i><h6>ale brakuje wam regularnej praktyki, </h6></i></p>",<h3>to be missing</h3>,"<p><i><h6>ale brakuje wam regularnej praktyki, </h6></i></p>"
3,brawurowy,śmiały,daring/reckless,"Jest to śmiała, a nawet brawurowa decyzja,","<h4 style='color:rgb(0, 180, 250)'>brawurowy</h4>    <p><i><h6>Jest to śmiała, a nawet brawurowa decyzja, </h6></i></p>",<h3>daring/reckless</h3>,"<p><i><h6>Jest to śmiała, a nawet brawurowa decyzja, </h6></i></p>"
4,brazylia,brazylia,brazil,"choć pewnie jeżeli oglądacie ten filmik z Brazylii albo gdzieś z Chin,","<h4 style='color:rgb(0, 180, 250)'>brazylia</h4>    <p><i><h6>choć pewnie jeżeli oglądacie ten filmik z Brazylii albo gdzieś z Chin, </h6></i></p>",<h3>brazil</h3>,"<p><i><h6>choć pewnie jeżeli oglądacie ten filmik z Brazylii albo gdzieś z Chin, </h6></i></p>"
5,brytania,brytania,britain,"Wielkiej Brytanii, Irlandii czy Niemczech","<h4 style='color:rgb(0, 180, 250)'>brytania</h4>    <p><i><h6>Wielkiej Brytanii, Irlandii czy Niemczech </h6></i></p>",<h3>britain</h3>,"<p><i><h6>Wielkiej Brytanii, Irlandii czy Niemczech </h6></i></p>"
6,brzmieć,dźwięk,to sound,że odpowiedź na te pytania brzmi: tak,"<h4 style='color:rgb(0, 180, 250)'>brzmieć</h4>    <p><i><h6>że odpowiedź na te pytania brzmi: tak </h6></i></p>",<h3>to sound</h3>,<p><i><h6>że odpowiedź na te pytania brzmi: tak </h6></i></p>
7,cieszy się złą sławą,cieszy się złą sławą,is infamous/notorious,język polski cieszy się złą sławą jednego z najtrudniejszych na świecie,"<h4 style='color:rgb(0, 180, 250)'>cieszy się złą sławą</h4>    <p><i><h6>język polski cieszy się złą sławą jednego z najtrudniejszych na świecie </h6></i></p>",<h3>is infamous/notorious</h3>,<p><i><h6>język polski cieszy się złą sławą jednego z najtrudniejszych na świecie </h6></i></p>
8,co prawda,co prawda,in fact/admittedly,Nasi przodkowie co prawda musieli do tego łacińskiego alfabetu dodać kilka liter,"<h4 style='color:rgb(0, 180, 250)'>co prawda</h4>    <p><i><h6>Nasi przodkowie co prawda musieli do tego łacińskiego alfabetu dodać kilka liter </h6></i></p>",<h3>in fact/admittedly</h3>,<p><i><h6>Nasi przodkowie co prawda musieli do tego łacińskiego alfabetu dodać kilka liter </h6></i></p>
9,dać się,poddaj się,to give up,niektóre się powtarzają i da się tego z łatwością nauczyć,"<h4 style='color:rgb(0, 180, 250)'>dać się</h4>    <p><i><h6>niektóre się powtarzają i da się tego z łatwością nauczyć </h6></i></p>",<h3>to give up</h3>,<p><i><h6>niektóre się powtarzają i da się tego z łatwością nauczyć </h6></i></p>
10,dać się zniechęcić,dać się zniechęcić,to be discouraged,"Co zrobić, żeby nie dać się zniechęcić negatywnym reakcjom otoczenia","<h4 style='color:rgb(0, 180, 250)'>dać się zniechęcić</h4>    <p><i><h6>Co zrobić, żeby nie dać się zniechęcić negatywnym reakcjom otoczenia </h6></i></p>",<h3>to be discouraged</h3>,"<p><i><h6>Co zrobić, żeby nie dać się zniechęcić negatywnym reakcjom otoczenia </h6></i></p>"
11,deklinacja,deklinacja,declination, nauczyć deklinacji i koniugacji,"<h4 style='color:rgb(0, 180, 250)'>deklinacja</h4>    <p><i><h6> nauczyć deklinacji i koniugacji </h6></i></p>",<h3>declination</h3>,<p><i><h6> nauczyć deklinacji i koniugacji </h6></i></p>
12,doktorat,doktorat,doctorate,Niedawno obroniłam doktorat z nauczania języka polskiego jako obcego,"<h4 style='color:rgb(0, 180, 250)'>doktorat</h4>    <p><i><h6>Niedawno obroniłam doktorat z nauczania języka polskiego jako obcego </h6></i></p>",<h3>doctorate</h3>,<p><i><h6>Niedawno obroniłam doktorat z nauczania języka polskiego jako obcego </h6></i></p>
13,dopiero,tylko,only/just,które dopiero zaczynają swoją przygodę z językiem polskim,"<h4 style='color:rgb(0, 180, 250)'>dopiero</h4>    <p><i><h6>które dopiero zaczynają swoją przygodę z językiem polskim </h6></i></p>",<h3>only/just</h3>,<p><i><h6>które dopiero zaczynają swoją przygodę z językiem polskim </h6></i></p>
14,dyskusyjny,sporny,debatable/discussion,"Będzie to klub dyskusyjny dla osób, które oglądają nas regularnie,","<h4 style='color:rgb(0, 180, 250)'>dyskusyjny</h4>    <p><i><h6>Będzie to klub dyskusyjny dla osób, które oglądają nas regularnie, </h6></i></p>",<h3>debatable/discussion</h3>,"<p><i><h6>Będzie to klub dyskusyjny dla osób, które oglądają nas regularnie, </h6></i></p>"
15,dzielić,dzielić się,to share,który dzieli naszą wspólną pasję,"<h4 style='color:rgb(0, 180, 250)'>dzielić</h4>    <p><i><h6>który dzieli naszą wspólną pasję </h6></i></p>",<h3>to share</h3>,<p><i><h6>który dzieli naszą wspólną pasję </h6></i></p>
16,dążenie,usiłujący,striving/pursuit, Dążenie do perfekcji to wspaniała cecha,"<h4 style='color:rgb(0, 180, 250)'>dążenie</h4>    <p><i><h6> Dążenie do perfekcji to wspaniała cecha </h6></i></p>",<h3>striving/pursuit</h3>,<p><i><h6> Dążenie do perfekcji to wspaniała cecha </h6></i></p>
17,dźwięk,dźwięk,sound,syczącym i szeleszczącym dźwiękom,"<h4 style='color:rgb(0, 180, 250)'>dźwięk</h4>    <p><i><h6>syczącym i szeleszczącym dźwiękom </h6></i></p>",<h3>sound</h3>,<p><i><h6>syczącym i szeleszczącym dźwiękom </h6></i></p>
18,emigracja,emigracja,emigration, Polacy mają naprawdę długą historię emigracji,"<h4 style='color:rgb(0, 180, 250)'>emigracja</h4>    <p><i><h6> Polacy mają naprawdę długą historię emigracji </h6></i></p>",<h3>emigration</h3>,<p><i><h6> Polacy mają naprawdę długą historię emigracji </h6></i></p>
19,entuzjazm,entuzjazm,enthusiasm,Entuzjazmu znajomych na pewno to nie wzbudzi,"<h4 style='color:rgb(0, 180, 250)'>entuzjazm</h4>    <p><i><h6>Entuzjazmu znajomych na pewno to nie wzbudzi </h6></i></p>",<h3>enthusiasm</h3>,<p><i><h6>Entuzjazmu znajomych na pewno to nie wzbudzi </h6></i></p>
20,etap,scena,stage/step/phase,"i w każdym etapie wyznaczyć krótkoterminowe, realne cele","<h4 style='color:rgb(0, 180, 250)'>etap</h4>    <p><i><h6>i w każdym etapie wyznaczyć krótkoterminowe, realne cele </h6></i></p>",<h3>stage/step/phase</h3>,"<p><i><h6>i w każdym etapie wyznaczyć krótkoterminowe, realne cele </h6></i></p>"
21,europa,europa,europe,A osoby z Europy Zachodniej i ze Stanów Zjednoczonych,"<h4 style='color:rgb(0, 180, 250)'>europa</h4>    <p><i><h6>A osoby z Europy Zachodniej i ze Stanów Zjednoczonych </h6></i></p>",<h3>europe</h3>,<p><i><h6>A osoby z Europy Zachodniej i ze Stanów Zjednoczonych </h6></i></p>
22,filmik,wideo,video,"choć pewnie jeżeli oglądacie ten filmik z Brazylii albo gdzieś z Chin,","<h4 style='color:rgb(0, 180, 250)'>filmik</h4>    <p><i><h6>choć pewnie jeżeli oglądacie ten filmik z Brazylii albo gdzieś z Chin, </h6></i></p>",<h3>video</h3>,"<p><i><h6>choć pewnie jeżeli oglądacie ten filmik z Brazylii albo gdzieś z Chin, </h6></i></p>"
23,firma,biznes,company/business,"Polskich sąsiadów, sklepy i firmy znajdziecie też","<h4 style='color:rgb(0, 180, 250)'>firma</h4>    <p><i><h6>Polskich sąsiadów, sklepy i firmy znajdziecie też </h6></i></p>",<h3>company/business</h3>,"<p><i><h6>Polskich sąsiadów, sklepy i firmy znajdziecie też </h6></i></p>"
24,fonetyczny,fonetyczny,phonetic," Język polski jest językiem fonetycznym,","<h4 style='color:rgb(0, 180, 250)'>fonetyczny</h4>    <p><i><h6> Język polski jest językiem fonetycznym, </h6></i></p>",<h3>phonetic</h3>,"<p><i><h6> Język polski jest językiem fonetycznym, </h6></i></p>"
25,fryzjer,fryzjer,hairdresser,"Może się więc zdarzyć, że wybierzecie się do fryzjera","<h4 style='color:rgb(0, 180, 250)'>fryzjer</h4>    <p><i><h6>Może się więc zdarzyć, że wybierzecie się do fryzjera </h6></i></p>",<h3>hairdresser</h3>,"<p><i><h6>Może się więc zdarzyć, że wybierzecie się do fryzjera </h6></i></p>"
26,gramatyka,gramatyka,grammar,"Pokutuje stereotyp, że najtrudniejsze w polskiej gramatyce są rzeczowniki","<h4 style='color:rgb(0, 180, 250)'>gramatyka</h4>    <p><i><h6>Pokutuje stereotyp, że najtrudniejsze w polskiej gramatyce są rzeczowniki </h6></i></p>",<h3>grammar</h3>,"<p><i><h6>Pokutuje stereotyp, że najtrudniejsze w polskiej gramatyce są rzeczowniki </h6></i></p>"
27,ile czasu zajęło ci,ile czasu zajęło ci,how long did it take you,ile czasu zajęło ci nauczenie się polskiego?,"<h4 style='color:rgb(0, 180, 250)'>ile czasu zajęło ci</h4>    <p><i><h6>ile czasu zajęło ci nauczenie się polskiego? </h6></i></p>",<h3>how long did it take you</h3>,<p><i><h6>ile czasu zajęło ci nauczenie się polskiego? </h6></i></p>
28,irlandia,irlandia,ireland,"Wielkiej Brytanii, Irlandii czy Niemczech","<h4 style='color:rgb(0, 180, 250)'>irlandia</h4>    <p><i><h6>Wielkiej Brytanii, Irlandii czy Niemczech </h6></i></p>",<h3>ireland</h3>,"<p><i><h6>Wielkiej Brytanii, Irlandii czy Niemczech </h6></i></p>"
29,językowy,lingwistyczny,linguistic,"nie tylko do tego, żeby zaimponować małej grupie językowych nerdów,","<h4 style='color:rgb(0, 180, 250)'>językowy</h4>    <p><i><h6>nie tylko do tego, żeby zaimponować małej grupie językowych nerdów, </h6></i></p>",<h3>linguistic</h3>,"<p><i><h6>nie tylko do tego, żeby zaimponować małej grupie językowych nerdów, </h6></i></p>"
30,koniecznie,koniecznie,necessarily,to koniecznie oglądajcie ten odcinek do końca,"<h4 style='color:rgb(0, 180, 250)'>koniecznie</h4>    <p><i><h6>to koniecznie oglądajcie ten odcinek do końca </h6></i></p>",<h3>necessarily</h3>,<p><i><h6>to koniecznie oglądajcie ten odcinek do końca </h6></i></p>
31,koniugacja,koniugacja,conjugation, nauczyć deklinacji i koniugacji,"<h4 style='color:rgb(0, 180, 250)'>koniugacja</h4>    <p><i><h6> nauczyć deklinacji i koniugacji </h6></i></p>",<h3>conjugation</h3>,<p><i><h6> nauczyć deklinacji i koniugacji </h6></i></p>
32,końcówka,kończyć się,end/ending,i wychodzi to trzydzieści pięć końcówek,"<h4 style='color:rgb(0, 180, 250)'>końcówka</h4>    <p><i><h6>i wychodzi to trzydzieści pięć końcówek </h6></i></p>",<h3>end/ending</h3>,<p><i><h6>i wychodzi to trzydzieści pięć końcówek </h6></i></p>
33,kreska,linia,line/dash,"kropek, kresek i ogonków","<h4 style='color:rgb(0, 180, 250)'>kreska</h4>    <p><i><h6>kropek, kresek i ogonków </h6></i></p>",<h3>line/dash</h3>,"<p><i><h6>kropek, kresek i ogonków </h6></i></p>"
34,kropka,kropka,dot,"kropek, kresek i ogonków","<h4 style='color:rgb(0, 180, 250)'>kropka</h4>    <p><i><h6>kropek, kresek i ogonków </h6></i></p>",<h3>dot</h3>,"<p><i><h6>kropek, kresek i ogonków </h6></i></p>"
35,krótkoterminowy,niski,short-term,"i w każdym etapie wyznaczyć krótkoterminowe, realne cele","<h4 style='color:rgb(0, 180, 250)'>krótkoterminowy</h4>    <p><i><h6>i w każdym etapie wyznaczyć krótkoterminowe, realne cele </h6></i></p>",<h3>short-term</h3>,"<p><i><h6>i w każdym etapie wyznaczyć krótkoterminowe, realne cele </h6></i></p>"
36,kursant,stażysta,trainee,Idziemy przygotowywać się do spotkań z naszymi kursantami,"<h4 style='color:rgb(0, 180, 250)'>kursant</h4>    <p><i><h6>Idziemy przygotowywać się do spotkań z naszymi kursantami </h6></i></p>",<h3>trainee</h3>,<p><i><h6>Idziemy przygotowywać się do spotkań z naszymi kursantami </h6></i></p>
37,kłopot,kłopot,trouble,to nie sprawi wam to dużo kłopotów,"<h4 style='color:rgb(0, 180, 250)'>kłopot</h4>    <p><i><h6>to nie sprawi wam to dużo kłopotów </h6></i></p>",<h3>trouble</h3>,<p><i><h6>to nie sprawi wam to dużo kłopotów </h6></i></p>
38,liczba,numer,number,W liczbie mnogiej mamy dwa rodzaje,"<h4 style='color:rgb(0, 180, 250)'>liczba</h4>    <p><i><h6>W liczbie mnogiej mamy dwa rodzaje </h6></i></p>",<h3>number</h3>,<p><i><h6>W liczbie mnogiej mamy dwa rodzaje </h6></i></p>
39,liczebnik,liczbowy,numeral,"Drugi stereotyp to polskie liczebniki,","<h4 style='color:rgb(0, 180, 250)'>liczebnik</h4>    <p><i><h6>Drugi stereotyp to polskie liczebniki, </h6></i></p>",<h3>numeral</h3>,"<p><i><h6>Drugi stereotyp to polskie liczebniki, </h6></i></p>"
40,logiczny,logiczny,logical,"Ale tak naprawdę wszystkie końcówki są w logicznych układach,","<h4 style='color:rgb(0, 180, 250)'>logiczny</h4>    <p><i><h6>Ale tak naprawdę wszystkie końcówki są w logicznych układach, </h6></i></p>",<h3>logical</h3>,"<p><i><h6>Ale tak naprawdę wszystkie końcówki są w logicznych układach, </h6></i></p>"
41,miasteczko,miasto,town,założone przed wieloma laty polskie miasteczka i wsie,"<h4 style='color:rgb(0, 180, 250)'>miasteczko</h4>    <p><i><h6>założone przed wieloma laty polskie miasteczka i wsie </h6></i></p>",<h3>town</h3>,<p><i><h6>założone przed wieloma laty polskie miasteczka i wsie </h6></i></p>
42,mnogi,mnogi,plural,W liczbie mnogiej mamy dwa rodzaje,"<h4 style='color:rgb(0, 180, 250)'>mnogi</h4>    <p><i><h6>W liczbie mnogiej mamy dwa rodzaje </h6></i></p>",<h3>plural</h3>,<p><i><h6>W liczbie mnogiej mamy dwa rodzaje </h6></i></p>
43,nadejść,chodź,come,to ten moment może nigdy nie nadejść,"<h4 style='color:rgb(0, 180, 250)'>nadejść</h4>    <p><i><h6>to ten moment może nigdy nie nadejść </h6></i></p>",<h3>come</h3>,<p><i><h6>to ten moment może nigdy nie nadejść </h6></i></p>
44,negatywny,negatywny,negative,"Co zrobić, żeby nie dać się zniechęcić negatywnym reakcjom otoczenia","<h4 style='color:rgb(0, 180, 250)'>negatywny</h4>    <p><i><h6>Co zrobić, żeby nie dać się zniechęcić negatywnym reakcjom otoczenia </h6></i></p>",<h3>negative</h3>,"<p><i><h6>Co zrobić, żeby nie dać się zniechęcić negatywnym reakcjom otoczenia </h6></i></p>"
45,nerd,frajerem,nerd,"nie tylko do tego, żeby zaimponować małej grupie językowych nerdów,","<h4 style='color:rgb(0, 180, 250)'>nerd</h4>    <p><i><h6>nie tylko do tego, żeby zaimponować małej grupie językowych nerdów, </h6></i></p>",<h3>nerd</h3>,"<p><i><h6>nie tylko do tego, żeby zaimponować małej grupie językowych nerdów, </h6></i></p>"
46,niemcy,niemcy,germany,"Wielkiej Brytanii, Irlandii czy Niemczech","<h4 style='color:rgb(0, 180, 250)'>niemcy</h4>    <p><i><h6>Wielkiej Brytanii, Irlandii czy Niemczech </h6></i></p>",<h3>germany</h3>,"<p><i><h6>Wielkiej Brytanii, Irlandii czy Niemczech </h6></i></p>"
47,obcy,nieznajomy,stranger/alien,Niedawno obroniłam doktorat z nauczania języka polskiego jako obcego,"<h4 style='color:rgb(0, 180, 250)'>obcy</h4>    <p><i><h6>Niedawno obroniłam doktorat z nauczania języka polskiego jako obcego </h6></i></p>",<h3>stranger/alien</h3>,<p><i><h6>Niedawno obroniłam doktorat z nauczania języka polskiego jako obcego </h6></i></p>
48,obronić,bronić,to defend,Niedawno obroniłam doktorat z nauczania języka polskiego jako obcego,"<h4 style='color:rgb(0, 180, 250)'>obronić</h4>    <p><i><h6>Niedawno obroniłam doktorat z nauczania języka polskiego jako obcego </h6></i></p>",<h3>to defend</h3>,<p><i><h6>Niedawno obroniłam doktorat z nauczania języka polskiego jako obcego </h6></i></p>
49,odmiana,różnorodność,variety/conjugation,Odmiana rzeczowników,"<h4 style='color:rgb(0, 180, 250)'>odmiana</h4>    <p><i><h6>Odmiana rzeczowników </h6></i></p>",<h3>variety/conjugation</h3>,<p><i><h6>Odmiana rzeczowników </h6></i></p>
50,odpowiadać,odpowiadać,to reply/correspond,"dodać kilka liter, które odpowiadają tym typowym polskim","<h4 style='color:rgb(0, 180, 250)'>odpowiadać</h4>    <p><i><h6>dodać kilka liter, które odpowiadają tym typowym polskim </h6></i></p>",<h3>to reply/correspond</h3>,"<p><i><h6>dodać kilka liter, które odpowiadają tym typowym polskim </h6></i></p>"
51,odpowiedź,odpowiadać,an answer,że odpowiedź na te pytania brzmi: tak,"<h4 style='color:rgb(0, 180, 250)'>odpowiedź</h4>    <p><i><h6>że odpowiedź na te pytania brzmi: tak </h6></i></p>",<h3>an answer</h3>,<p><i><h6>że odpowiedź na te pytania brzmi: tak </h6></i></p>
52,ogonek,ogon,tail,"kropek, kresek i ogonków","<h4 style='color:rgb(0, 180, 250)'>ogonek</h4>    <p><i><h6>kropek, kresek i ogonków </h6></i></p>",<h3>tail</h3>,"<p><i><h6>kropek, kresek i ogonków </h6></i></p>"
53,ojczysty,rodzinny,native/mother,"Oczywiście to zależy, skąd pochodzisz i jaki jest twój język ojczysty","<h4 style='color:rgb(0, 180, 250)'>ojczysty</h4>    <p><i><h6>Oczywiście to zależy, skąd pochodzisz i jaki jest twój język ojczysty </h6></i></p>",<h3>native/mother</h3>,"<p><i><h6>Oczywiście to zależy, skąd pochodzisz i jaki jest twój język ojczysty </h6></i></p>"
54,okazja,możliwość,opportunity,"ale brakuje im okazji do tego, żeby podyskutować na tematy,","<h4 style='color:rgb(0, 180, 250)'>okazja</h4>    <p><i><h6>ale brakuje im okazji do tego, żeby podyskutować na tematy, </h6></i></p>",<h3>opportunity</h3>,"<p><i><h6>ale brakuje im okazji do tego, żeby podyskutować na tematy, </h6></i></p>"
55,okazywać się,okazać się,to turn out,"My też jesteśmy bardzo zdziwione, ale naprawdę okazuje się,","<h4 style='color:rgb(0, 180, 250)'>okazywać się</h4>    <p><i><h6>My też jesteśmy bardzo zdziwione, ale naprawdę okazuje się, </h6></i></p>",<h3>to turn out</h3>,"<p><i><h6>My też jesteśmy bardzo zdziwione, ale naprawdę okazuje się, </h6></i></p>"
56,opór,opór,resistance,i trud związany z przełamaniem swoich wewnętrznych oporów,"<h4 style='color:rgb(0, 180, 250)'>opór</h4>    <p><i><h6>i trud związany z przełamaniem swoich wewnętrznych oporów </h6></i></p>",<h3>resistance</h3>,<p><i><h6>i trud związany z przełamaniem swoich wewnętrznych oporów </h6></i></p>
57,oszaleć,zwariować,to go mad/crazy,Oszalałeś,"<h4 style='color:rgb(0, 180, 250)'>oszaleć</h4>    <p><i><h6>Oszalałeś </h6></i></p>",<h3>to go mad/crazy</h3>,<p><i><h6>Oszalałeś </h6></i></p>
58,otoczenie,okolica,surroundings,"Co zrobić, żeby nie dać się zniechęcić negatywnym reakcjom otoczenia","<h4 style='color:rgb(0, 180, 250)'>otoczenie</h4>    <p><i><h6>Co zrobić, żeby nie dać się zniechęcić negatywnym reakcjom otoczenia </h6></i></p>",<h3>surroundings</h3>,"<p><i><h6>Co zrobić, żeby nie dać się zniechęcić negatywnym reakcjom otoczenia </h6></i></p>"
59,otucha,zachęta,encouragement/reassurance,"to być może na początek szukacie jakiegoś pocieszenia, otuchy,","<h4 style='color:rgb(0, 180, 250)'>otucha</h4>    <p><i><h6>to być może na początek szukacie jakiegoś pocieszenia, otuchy, </h6></i></p>",<h3>encouragement/reassurance</h3>,"<p><i><h6>to być może na początek szukacie jakiegoś pocieszenia, otuchy, </h6></i></p>"
60,partner,partner,partner,partnerów i bliskich,"<h4 style='color:rgb(0, 180, 250)'>partner</h4>    <p><i><h6>partnerów i bliskich </h6></i></p>",<h3>partner</h3>,<p><i><h6>partnerów i bliskich </h6></i></p>
61,pasja,pasja,passion,który dzieli naszą wspólną pasję,"<h4 style='color:rgb(0, 180, 250)'>pasja</h4>    <p><i><h6>który dzieli naszą wspólną pasję </h6></i></p>",<h3>passion</h3>,<p><i><h6>który dzieli naszą wspólną pasję </h6></i></p>
62,perfekcja,doskonałość,perfection, Dążenie do perfekcji to wspaniała cecha,"<h4 style='color:rgb(0, 180, 250)'>perfekcja</h4>    <p><i><h6> Dążenie do perfekcji to wspaniała cecha </h6></i></p>",<h3>perfection</h3>,<p><i><h6> Dążenie do perfekcji to wspaniała cecha </h6></i></p>
63,planowanie,planowanie,planning,"Jeżeli potrzebujecie pomocy w planowaniu tego procesu,","<h4 style='color:rgb(0, 180, 250)'>planowanie</h4>    <p><i><h6>Jeżeli potrzebujecie pomocy w planowaniu tego procesu, </h6></i></p>",<h3>planning</h3>,"<p><i><h6>Jeżeli potrzebujecie pomocy w planowaniu tego procesu, </h6></i></p>"
64,pochodzić,pochodzić,to originate/come (from),"Oczywiście to zależy, skąd pochodzisz i jaki jest twój język ojczysty","<h4 style='color:rgb(0, 180, 250)'>pochodzić</h4>    <p><i><h6>Oczywiście to zależy, skąd pochodzisz i jaki jest twój język ojczysty </h6></i></p>",<h3>to originate/come (from)</h3>,"<p><i><h6>Oczywiście to zależy, skąd pochodzisz i jaki jest twój język ojczysty </h6></i></p>"
65,pocieszenie,komfort,consolation/comfort,"to być może na początek szukacie jakiegoś pocieszenia, otuchy,","<h4 style='color:rgb(0, 180, 250)'>pocieszenie</h4>    <p><i><h6>to być może na początek szukacie jakiegoś pocieszenia, otuchy, </h6></i></p>",<h3>consolation/comfort</h3>,"<p><i><h6>to być może na początek szukacie jakiegoś pocieszenia, otuchy, </h6></i></p>"
66,poczuć,czuć,to feel,kiedy poczujemy w swoim sercu:,"<h4 style='color:rgb(0, 180, 250)'>poczuć</h4>    <p><i><h6>kiedy poczujemy w swoim sercu: </h6></i></p>",<h3>to feel</h3>,<p><i><h6>kiedy poczujemy w swoim sercu: </h6></i></p>
67,podyskutować,omawiać,to discuss,"ale brakuje im okazji do tego, żeby podyskutować na tematy,","<h4 style='color:rgb(0, 180, 250)'>podyskutować</h4>    <p><i><h6>ale brakuje im okazji do tego, żeby podyskutować na tematy, </h6></i></p>",<h3>to discuss</h3>,"<p><i><h6>ale brakuje im okazji do tego, żeby podyskutować na tematy, </h6></i></p>"
68,podzielić,podzielić,to divide,Najlepiej ten cały proces podzielić na etapy,"<h4 style='color:rgb(0, 180, 250)'>podzielić</h4>    <p><i><h6>Najlepiej ten cały proces podzielić na etapy </h6></i></p>",<h3>to divide</h3>,<p><i><h6>Najlepiej ten cały proces podzielić na etapy </h6></i></p>
69,pogawędka,czat,chat/chitchat,w Kurytybie w Brazylii i utniecie sobie z nim pogawędkę po polsku,"<h4 style='color:rgb(0, 180, 250)'>pogawędka</h4>    <p><i><h6>w Kurytybie w Brazylii i utniecie sobie z nim pogawędkę po polsku </h6></i></p>",<h3>chat/chitchat</h3>,<p><i><h6>w Kurytybie w Brazylii i utniecie sobie z nim pogawędkę po polsku </h6></i></p>
70,pojawiać się,pojawić się,to appear,które pojawiają się w odcinkach Easy Polish,"<h4 style='color:rgb(0, 180, 250)'>pojawiać się</h4>    <p><i><h6>które pojawiają się w odcinkach Easy Polish </h6></i></p>",<h3>to appear</h3>,<p><i><h6>które pojawiają się w odcinkach Easy Polish </h6></i></p>
71,pokutować,cierpieć,to suffer/atone,"Pokutuje stereotyp, że najtrudniejsze w polskiej gramatyce są rzeczowniki","<h4 style='color:rgb(0, 180, 250)'>pokutować</h4>    <p><i><h6>Pokutuje stereotyp, że najtrudniejsze w polskiej gramatyce są rzeczowniki </h6></i></p>",<h3>to suffer/atone</h3>,"<p><i><h6>Pokutuje stereotyp, że najtrudniejsze w polskiej gramatyce są rzeczowniki </h6></i></p>"
72,pomysł,pomysł,idea,"Jeżeli wpadliście na ten pomysł,","<h4 style='color:rgb(0, 180, 250)'>pomysł</h4>    <p><i><h6>Jeżeli wpadliście na ten pomysł, </h6></i></p>",<h3>idea</h3>,"<p><i><h6>Jeżeli wpadliście na ten pomysł, </h6></i></p>"
73,pomęczyć,torturować,to torture, Możecie pomęczyć mnie,"<h4 style='color:rgb(0, 180, 250)'>pomęczyć</h4>    <p><i><h6> Możecie pomęczyć mnie </h6></i></p>",<h3>to torture</h3>,<p><i><h6> Możecie pomęczyć mnie </h6></i></p>
74,poprowadzić,przewodnik,to guide/lead,a Natalia poprowadzi jeden z nich,"<h4 style='color:rgb(0, 180, 250)'>poprowadzić</h4>    <p><i><h6>a Natalia poprowadzi jeden z nich </h6></i></p>",<h3>to guide/lead</h3>,<p><i><h6>a Natalia poprowadzi jeden z nich </h6></i></p>
75,porozmawiać,rozmowa,to talk,"a czasami do tego, żeby porozmawiać z drugim człowiekiem,","<h4 style='color:rgb(0, 180, 250)'>porozmawiać</h4>    <p><i><h6>a czasami do tego, żeby porozmawiać z drugim człowiekiem, </h6></i></p>",<h3>to talk</h3>,"<p><i><h6>a czasami do tego, żeby porozmawiać z drugim człowiekiem, </h6></i></p>"
76,porozumiewać się,komunikować się,to communicate,"Po pierwsze do tego, żeby porozumiewać się z ludźmi w Polsce","<h4 style='color:rgb(0, 180, 250)'>porozumiewać się</h4>    <p><i><h6>Po pierwsze do tego, żeby porozumiewać się z ludźmi w Polsce </h6></i></p>",<h3>to communicate</h3>,"<p><i><h6>Po pierwsze do tego, żeby porozumiewać się z ludźmi w Polsce </h6></i></p>"
77,postanawiać,podjąć decyzję,to decide,"Różne są powody, dla których ludzie postanawiają uczyć się polskiego","<h4 style='color:rgb(0, 180, 250)'>postanawiać</h4>    <p><i><h6>Różne są powody, dla których ludzie postanawiają uczyć się polskiego </h6></i></p>",<h3>to decide</h3>,"<p><i><h6>Różne są powody, dla których ludzie postanawiają uczyć się polskiego </h6></i></p>"
78,posługiwania się,używać,use of,że umiejętność posługiwania się językiem polskim przydaje się,"<h4 style='color:rgb(0, 180, 250)'>posługiwania się</h4>    <p><i><h6>że umiejętność posługiwania się językiem polskim przydaje się </h6></i></p>",<h3>use of</h3>,<p><i><h6>że umiejętność posługiwania się językiem polskim przydaje się </h6></i></p>
79,posługiwać się,używać,to use/operate,i osoba już będzie mogła posługiwać językiem polskim,"<h4 style='color:rgb(0, 180, 250)'>posługiwać się</h4>    <p><i><h6>i osoba już będzie mogła posługiwać językiem polskim </h6></i></p>",<h3>to use/operate</h3>,<p><i><h6>i osoba już będzie mogła posługiwać językiem polskim </h6></i></p>
80,powinieneś,powinieneś,you should,które powinniście wiedzieć na temat języka polskiego,"<h4 style='color:rgb(0, 180, 250)'>powinieneś</h4>    <p><i><h6>które powinniście wiedzieć na temat języka polskiego </h6></i></p>",<h3>you should</h3>,<p><i><h6>które powinniście wiedzieć na temat języka polskiego </h6></i></p>
81,powtarzać się,powtarzać się,to repeat oneself,niektóre się powtarzają i da się tego z łatwością nauczyć,"<h4 style='color:rgb(0, 180, 250)'>powtarzać się</h4>    <p><i><h6>niektóre się powtarzają i da się tego z łatwością nauczyć </h6></i></p>",<h3>to repeat oneself</h3>,<p><i><h6>niektóre się powtarzają i da się tego z łatwością nauczyć </h6></i></p>
82,powód,powód,reason,"Różne są powody, dla których ludzie postanawiają uczyć się polskiego","<h4 style='color:rgb(0, 180, 250)'>powód</h4>    <p><i><h6>Różne są powody, dla których ludzie postanawiają uczyć się polskiego </h6></i></p>",<h3>reason</h3>,"<p><i><h6>Różne są powody, dla których ludzie postanawiają uczyć się polskiego </h6></i></p>"
83,poziom,poziom,level,"tak na poziomie komunikacji codziennej,","<h4 style='color:rgb(0, 180, 250)'>poziom</h4>    <p><i><h6>tak na poziomie komunikacji codziennej, </h6></i></p>",<h3>level</h3>,"<p><i><h6>tak na poziomie komunikacji codziennej, </h6></i></p>"
84,pragnąć,pragnienie,to desire,a teraz pragną usystematyzować swoją wiedzę,"<h4 style='color:rgb(0, 180, 250)'>pragnąć</h4>    <p><i><h6>a teraz pragną usystematyzować swoją wiedzę </h6></i></p>",<h3>to desire</h3>,<p><i><h6>a teraz pragną usystematyzować swoją wiedzę </h6></i></p>
85,praktyka,ćwiczyć,practice,"ale brakuje wam regularnej praktyki,","<h4 style='color:rgb(0, 180, 250)'>praktyka</h4>    <p><i><h6>ale brakuje wam regularnej praktyki, </h6></i></p>",<h3>practice</h3>,"<p><i><h6>ale brakuje wam regularnej praktyki, </h6></i></p>"
86,proces,proces,process,"Z tego, co mówisz, to jest to jednak długi i skomplikowany proces,","<h4 style='color:rgb(0, 180, 250)'>proces</h4>    <p><i><h6>Z tego, co mówisz, to jest to jednak długi i skomplikowany proces, </h6></i></p>",<h3>process</h3>,"<p><i><h6>Z tego, co mówisz, to jest to jednak długi i skomplikowany proces, </h6></i></p>"
87,przełamać,złamać,to break,i trud związany z przełamaniem swoich wewnętrznych oporów,"<h4 style='color:rgb(0, 180, 250)'>przełamać</h4>    <p><i><h6>i trud związany z przełamaniem swoich wewnętrznych oporów </h6></i></p>",<h3>to break</h3>,<p><i><h6>i trud związany z przełamaniem swoich wewnętrznych oporów </h6></i></p>
88,przodek,przodek,ancestor,Nasi przodkowie co prawda musieli do tego łacińskiego alfabetu,"<h4 style='color:rgb(0, 180, 250)'>przodek</h4>    <p><i><h6>Nasi przodkowie co prawda musieli do tego łacińskiego alfabetu </h6></i></p>",<h3>ancestor</h3>,<p><i><h6>Nasi przodkowie co prawda musieli do tego łacińskiego alfabetu </h6></i></p>
89,przydawać się,być przydatnym,to be useful,że umiejętność posługiwania się językiem polskim przydaje się,"<h4 style='color:rgb(0, 180, 250)'>przydawać się</h4>    <p><i><h6>że umiejętność posługiwania się językiem polskim przydaje się </h6></i></p>",<h3>to be useful</h3>,<p><i><h6>że umiejętność posługiwania się językiem polskim przydaje się </h6></i></p>
90,przygoda,przygoda,adventure,które dopiero zaczynają swoją przygodę z językiem polskim,"<h4 style='color:rgb(0, 180, 250)'>przygoda</h4>    <p><i><h6>które dopiero zaczynają swoją przygodę z językiem polskim </h6></i></p>",<h3>adventure</h3>,<p><i><h6>które dopiero zaczynają swoją przygodę z językiem polskim </h6></i></p>
91,przypadek,walizka,case/accident," Mamy siedem przypadków, mamy trzy rodzaje","<h4 style='color:rgb(0, 180, 250)'>przypadek</h4>    <p><i><h6> Mamy siedem przypadków, mamy trzy rodzaje </h6></i></p>",<h3>case/accident</h3>,"<p><i><h6> Mamy siedem przypadków, mamy trzy rodzaje </h6></i></p>"
92,przystąpić,przystąp,to join/proceed,"i samego procesu uczenia się, zanim przystąpicie","<h4 style='color:rgb(0, 180, 250)'>przystąpić</h4>    <p><i><h6>i samego procesu uczenia się, zanim przystąpicie </h6></i></p>",<h3>to join/proceed</h3>,"<p><i><h6>i samego procesu uczenia się, zanim przystąpicie </h6></i></p>"
93,pół,połowa,half,"przez pół odcinka, ja również poprowadzę swój kurs","<h4 style='color:rgb(0, 180, 250)'>pół</h4>    <p><i><h6>przez pół odcinka, ja również poprowadzę swój kurs </h6></i></p>",<h3>half</h3>,"<p><i><h6>przez pół odcinka, ja również poprowadzę swój kurs </h6></i></p>"
94,realny,prawdziwy,real,"i w każdym etapie wyznaczyć krótkoterminowe, realne cele","<h4 style='color:rgb(0, 180, 250)'>realny</h4>    <p><i><h6>i w każdym etapie wyznaczyć krótkoterminowe, realne cele </h6></i></p>",<h3>real</h3>,"<p><i><h6>i w każdym etapie wyznaczyć krótkoterminowe, realne cele </h6></i></p>"
95,region,region,region,A co z innymi regionami na świecie,"<h4 style='color:rgb(0, 180, 250)'>region</h4>    <p><i><h6>A co z innymi regionami na świecie </h6></i></p>",<h3>region</h3>,<p><i><h6>A co z innymi regionami na świecie </h6></i></p>
96,regularność,prawidłowość,regularity, Regularność zajęć z języka polskiego,"<h4 style='color:rgb(0, 180, 250)'>regularność</h4>    <p><i><h6> Regularność zajęć z języka polskiego </h6></i></p>",<h3>regularity</h3>,<p><i><h6> Regularność zajęć z języka polskiego </h6></i></p>
97,regularny,regularny,regular,"ale brakuje wam regularnej praktyki,","<h4 style='color:rgb(0, 180, 250)'>regularny</h4>    <p><i><h6>ale brakuje wam regularnej praktyki, </h6></i></p>",<h3>regular</h3>,"<p><i><h6>ale brakuje wam regularnej praktyki, </h6></i></p>"
98,reszta,odpoczynek,rest/remainder,"a z całą resztą za tydzień, w czwartek o dziewiętnastej,","<h4 style='color:rgb(0, 180, 250)'>reszta</h4>    <p><i><h6>a z całą resztą za tydzień, w czwartek o dziewiętnastej, </h6></i></p>",<h3>rest/remainder</h3>,"<p><i><h6>a z całą resztą za tydzień, w czwartek o dziewiętnastej, </h6></i></p>"
99,rosja,rosja,russia,"na Białorusi, Rosji czy Ukrainie","<h4 style='color:rgb(0, 180, 250)'>rosja</h4>    <p><i><h6>na Białorusi, Rosji czy Ukrainie </h6></i></p>",<h3>russia</h3>,"<p><i><h6>na Białorusi, Rosji czy Ukrainie </h6></i></p>"
100,rzeczownik,rzeczownik,noun,"Pokutuje stereotyp, że najtrudniejsze w polskiej gramatyce są rzeczowniki","<h4 style='color:rgb(0, 180, 250)'>rzeczownik</h4>    <p><i><h6>Pokutuje stereotyp, że najtrudniejsze w polskiej gramatyce są rzeczowniki </h6></i></p>",<h3>noun</h3>,"<p><i><h6>Pokutuje stereotyp, że najtrudniejsze w polskiej gramatyce są rzeczowniki </h6></i></p>"
101,różny,różne,different/various,"Różne są powody, dla których ludzie postanawiają uczyć się polskiego","<h4 style='color:rgb(0, 180, 250)'>różny</h4>    <p><i><h6>Różne są powody, dla których ludzie postanawiają uczyć się polskiego </h6></i></p>",<h3>different/various</h3>,"<p><i><h6>Różne są powody, dla których ludzie postanawiają uczyć się polskiego </h6></i></p>"
102,skomplikowany,skomplikowane,complicated,"Z tego, co mówisz, to jest to jednak długi i skomplikowany proces,","<h4 style='color:rgb(0, 180, 250)'>skomplikowany</h4>    <p><i><h6>Z tego, co mówisz, to jest to jednak długi i skomplikowany proces, </h6></i></p>",<h3>complicated</h3>,"<p><i><h6>Z tego, co mówisz, to jest to jednak długi i skomplikowany proces, </h6></i></p>"
103,spotkać się,spotykać się,to meet,"spotkamy się na naszych kursach,","<h4 style='color:rgb(0, 180, 250)'>spotkać się</h4>    <p><i><h6>spotkamy się na naszych kursach, </h6></i></p>",<h3>to meet</h3>,"<p><i><h6>spotkamy się na naszych kursach, </h6></i></p>"
104,stereotyp,stereotyp,stereotype,"Pokutuje stereotyp, że najtrudniejsze w polskiej gramatyce są rzeczowniki","<h4 style='color:rgb(0, 180, 250)'>stereotyp</h4>    <p><i><h6>Pokutuje stereotyp, że najtrudniejsze w polskiej gramatyce są rzeczowniki </h6></i></p>",<h3>stereotype</h3>,"<p><i><h6>Pokutuje stereotyp, że najtrudniejsze w polskiej gramatyce są rzeczowniki </h6></i></p>"
105,stracić,stracić,to lose,Ile stracisz na to czasu,"<h4 style='color:rgb(0, 180, 250)'>stracić</h4>    <p><i><h6>Ile stracisz na to czasu </h6></i></p>",<h3>to lose</h3>,<p><i><h6>Ile stracisz na to czasu </h6></i></p>
106,stres,naprężenie,stress,"A wierzcie mi, że reakcje Polaków wynagrodzą wam ten stres","<h4 style='color:rgb(0, 180, 250)'>stres</h4>    <p><i><h6>A wierzcie mi, że reakcje Polaków wynagrodzą wam ten stres </h6></i></p>",<h3>stress</h3>,"<p><i><h6>A wierzcie mi, że reakcje Polaków wynagrodzą wam ten stres </h6></i></p>"
107,syczący,syczący,hissing,syczącym i szeleszczącym dźwiękom,"<h4 style='color:rgb(0, 180, 250)'>syczący</h4>    <p><i><h6>syczącym i szeleszczącym dźwiękom </h6></i></p>",<h3>hissing</h3>,<p><i><h6>syczącym i szeleszczącym dźwiękom </h6></i></p>
108,systematyczność,prawidłowość,consistency,jest systematyczność,"<h4 style='color:rgb(0, 180, 250)'>systematyczność</h4>    <p><i><h6>jest systematyczność </h6></i></p>",<h3>consistency</h3>,<p><i><h6>jest systematyczność </h6></i></p>
109,szeleszczący,szelest,rustling,syczącym i szeleszczącym dźwiękom,"<h4 style='color:rgb(0, 180, 250)'>szeleszczący</h4>    <p><i><h6>syczącym i szeleszczącym dźwiękom </h6></i></p>",<h3>rustling</h3>,<p><i><h6>syczącym i szeleszczącym dźwiękom </h6></i></p>
110,sąsiad,sąsiad,neighbor,"Polskich sąsiadów, sklepy i firmy znajdziecie też","<h4 style='color:rgb(0, 180, 250)'>sąsiad</h4>    <p><i><h6>Polskich sąsiadów, sklepy i firmy znajdziecie też </h6></i></p>",<h3>neighbor</h3>,"<p><i><h6>Polskich sąsiadów, sklepy i firmy znajdziecie też </h6></i></p>"
111,sława,sława,fame,ponieważ język polski cieszy się złą sławą,"<h4 style='color:rgb(0, 180, 250)'>sława</h4>    <p><i><h6>ponieważ język polski cieszy się złą sławą </h6></i></p>",<h3>fame</h3>,<p><i><h6>ponieważ język polski cieszy się złą sławą </h6></i></p>
112,słowiański,słowiański,slavonic,"ale może być to szybciej, jeżeli już znasz jakiś język słowiański","<h4 style='color:rgb(0, 180, 250)'>słowiański</h4>    <p><i><h6>ale może być to szybciej, jeżeli już znasz jakiś język słowiański </h6></i></p>",<h3>slavonic</h3>,"<p><i><h6>ale może być to szybciej, jeżeli już znasz jakiś język słowiański </h6></i></p>"
113,to zajmie ci,to zajmie ci,it will take you,to zajmie ci to trochę dłużej,"<h4 style='color:rgb(0, 180, 250)'>to zajmie ci</h4>    <p><i><h6>to zajmie ci to trochę dłużej </h6></i></p>",<h3>it will take you</h3>,<p><i><h6>to zajmie ci to trochę dłużej </h6></i></p>
114,typowy,typowy,typical,"dodać kilka liter, które odpowiadają tym typowym polskim","<h4 style='color:rgb(0, 180, 250)'>typowy</h4>    <p><i><h6>dodać kilka liter, które odpowiadają tym typowym polskim </h6></i></p>",<h3>typical</h3>,"<p><i><h6>dodać kilka liter, które odpowiadają tym typowym polskim </h6></i></p>"
115,ukraina,ukraina,ukraine,"na Białorusi, Rosji czy Ukrainie","<h4 style='color:rgb(0, 180, 250)'>ukraina</h4>    <p><i><h6>na Białorusi, Rosji czy Ukrainie </h6></i></p>",<h3>ukraine</h3>,"<p><i><h6>na Białorusi, Rosji czy Ukrainie </h6></i></p>"
116,układ,system,system,"Ale tak naprawdę wszystkie końcówki są w logicznych układach,","<h4 style='color:rgb(0, 180, 250)'>układ</h4>    <p><i><h6>Ale tak naprawdę wszystkie końcówki są w logicznych układach, </h6></i></p>",<h3>system</h3>,"<p><i><h6>Ale tak naprawdę wszystkie końcówki są w logicznych układach, </h6></i></p>"
117,umiejętność,umiejętność,skill/ability,że umiejętność posługiwania się językiem polskim przydaje się,"<h4 style='color:rgb(0, 180, 250)'>umiejętność</h4>    <p><i><h6>że umiejętność posługiwania się językiem polskim przydaje się </h6></i></p>",<h3>skill/ability</h3>,<p><i><h6>że umiejętność posługiwania się językiem polskim przydaje się </h6></i></p>
118,uruchamiać,biegać,to start/launch,"Od października Easy Polish uruchamia kursy językowe,","<h4 style='color:rgb(0, 180, 250)'>uruchamiać</h4>    <p><i><h6>Od października Easy Polish uruchamia kursy językowe, </h6></i></p>",<h3>to start/launch</h3>,"<p><i><h6>Od października Easy Polish uruchamia kursy językowe, </h6></i></p>"
119,usystematyzować,systematyzować,to systematize,a teraz pragną usystematyzować swoją wiedzę,"<h4 style='color:rgb(0, 180, 250)'>usystematyzować</h4>    <p><i><h6>a teraz pragną usystematyzować swoją wiedzę </h6></i></p>",<h3>to systematize</h3>,<p><i><h6>a teraz pragną usystematyzować swoją wiedzę </h6></i></p>
120,wewnętrzny,wewnętrzny,internal,i trud związany z przełamaniem swoich wewnętrznych oporów,"<h4 style='color:rgb(0, 180, 250)'>wewnętrzny</h4>    <p><i><h6>i trud związany z przełamaniem swoich wewnętrznych oporów </h6></i></p>",<h3>internal</h3>,<p><i><h6>i trud związany z przełamaniem swoich wewnętrznych oporów </h6></i></p>
121,wieś,wieś,village,założone przed wieloma laty polskie miasteczka i wsie,"<h4 style='color:rgb(0, 180, 250)'>wieś</h4>    <p><i><h6>założone przed wieloma laty polskie miasteczka i wsie </h6></i></p>",<h3>village</h3>,<p><i><h6>założone przed wieloma laty polskie miasteczka i wsie </h6></i></p>
122,wpaść,wpaść,to drop by/stop by,"Jeżeli wpadliście na ten pomysł,","<h4 style='color:rgb(0, 180, 250)'>wpaść</h4>    <p><i><h6>Jeżeli wpadliście na ten pomysł, </h6></i></p>",<h3>to drop by/stop by</h3>,"<p><i><h6>Jeżeli wpadliście na ten pomysł, </h6></i></p>"
123,wschód,wschód,east,"Na przykład dla osób ze Wschodu, z Białorusi, z Ukrainy, z Rosji,","<h4 style='color:rgb(0, 180, 250)'>wschód</h4>    <p><i><h6>Na przykład dla osób ze Wschodu, z Białorusi, z Ukrainy, z Rosji, </h6></i></p>",<h3>east</h3>,"<p><i><h6>Na przykład dla osób ze Wschodu, z Białorusi, z Ukrainy, z Rosji, </h6></i></p>"
124,wskazówka,wskazówka,tip/hint,"Czy masz w takim razie jakieś wskazówki dla osób, które zaczynają","<h4 style='color:rgb(0, 180, 250)'>wskazówka</h4>    <p><i><h6>Czy masz w takim razie jakieś wskazówki dla osób, które zaczynają </h6></i></p>",<h3>tip/hint</h3>,"<p><i><h6>Czy masz w takim razie jakieś wskazówki dla osób, które zaczynają </h6></i></p>"
125,wspólny,pospolity,common,który dzieli naszą wspólną pasję,"<h4 style='color:rgb(0, 180, 250)'>wspólny</h4>    <p><i><h6>który dzieli naszą wspólną pasję </h6></i></p>",<h3>common</h3>,<p><i><h6>który dzieli naszą wspólną pasję </h6></i></p>
126,współlokator,współlokator,roommate,"Nie będziecie musieli zamęczać już swoich współlokatorów,","<h4 style='color:rgb(0, 180, 250)'>współlokator</h4>    <p><i><h6>Nie będziecie musieli zamęczać już swoich współlokatorów, </h6></i></p>",<h3>roommate</h3>,"<p><i><h6>Nie będziecie musieli zamęczać już swoich współlokatorów, </h6></i></p>"
127,wybrać się,iść,to enjoy/venture out,"Może się więc zdarzyć, że wybierzecie się do fryzjera","<h4 style='color:rgb(0, 180, 250)'>wybrać się</h4>    <p><i><h6>Może się więc zdarzyć, że wybierzecie się do fryzjera </h6></i></p>",<h3>to enjoy/venture out</h3>,"<p><i><h6>Może się więc zdarzyć, że wybierzecie się do fryzjera </h6></i></p>"
128,wychodzić,wychodzić,to go out/exit,i wychodzi to trzydzieści pięć końcówek,"<h4 style='color:rgb(0, 180, 250)'>wychodzić</h4>    <p><i><h6>i wychodzi to trzydzieści pięć końcówek </h6></i></p>",<h3>to go out/exit</h3>,<p><i><h6>i wychodzi to trzydzieści pięć końcówek </h6></i></p>
129,wykorzystać,używać,to use/utilize,"Być może już wiecie coś, co będziecie mogli wykorzystać","<h4 style='color:rgb(0, 180, 250)'>wykorzystać</h4>    <p><i><h6>Być może już wiecie coś, co będziecie mogli wykorzystać </h6></i></p>",<h3>to use/utilize</h3>,"<p><i><h6>Być może już wiecie coś, co będziecie mogli wykorzystać </h6></i></p>"
130,wynagrodzić,nagroda,to reward/to make up for,"A wierzcie mi, że reakcje Polaków wynagrodzą wam ten stres","<h4 style='color:rgb(0, 180, 250)'>wynagrodzić</h4>    <p><i><h6>A wierzcie mi, że reakcje Polaków wynagrodzą wam ten stres </h6></i></p>",<h3>to reward/to make up for</h3>,"<p><i><h6>A wierzcie mi, że reakcje Polaków wynagrodzą wam ten stres </h6></i></p>"
131,wyznaczyć,określić,to designate/appoint,"i w każdym etapie wyznaczyć krótkoterminowe, realne cele","<h4 style='color:rgb(0, 180, 250)'>wyznaczyć</h4>    <p><i><h6>i w każdym etapie wyznaczyć krótkoterminowe, realne cele </h6></i></p>",<h3>to designate/appoint</h3>,"<p><i><h6>i w każdym etapie wyznaczyć krótkoterminowe, realne cele </h6></i></p>"
132,wyzwanie,wyzwanie,challenge,do tego trudnego wyzwania,"<h4 style='color:rgb(0, 180, 250)'>wyzwanie</h4>    <p><i><h6>do tego trudnego wyzwania </h6></i></p>",<h3>challenge</h3>,<p><i><h6>do tego trudnego wyzwania </h6></i></p>
133,wzbudzić,wzbudzać,to arouse/raise,Entuzjazmu znajomych na pewno to nie wzbudzi,"<h4 style='color:rgb(0, 180, 250)'>wzbudzić</h4>    <p><i><h6>Entuzjazmu znajomych na pewno to nie wzbudzi </h6></i></p>",<h3>to arouse/raise</h3>,<p><i><h6>Entuzjazmu znajomych na pewno to nie wzbudzi </h6></i></p>
134,właśnie,dokładnie,exactly, Pewnie zareagowali właśnie tak,"<h4 style='color:rgb(0, 180, 250)'>właśnie</h4>    <p><i><h6> Pewnie zareagowali właśnie tak </h6></i></p>",<h3>exactly</h3>,<p><i><h6> Pewnie zareagowali właśnie tak </h6></i></p>
135,zachodni,zachodni,western,A osoby z Europy Zachodniej i ze Stanów Zjednoczonych,"<h4 style='color:rgb(0, 180, 250)'>zachodni</h4>    <p><i><h6>A osoby z Europy Zachodniej i ze Stanów Zjednoczonych </h6></i></p>",<h3>western</h3>,<p><i><h6>A osoby z Europy Zachodniej i ze Stanów Zjednoczonych </h6></i></p>
136,zaimponować,zaimponować,to impress,"nie tylko do tego, żeby zaimponować małej grupie językowych nerdów,","<h4 style='color:rgb(0, 180, 250)'>zaimponować</h4>    <p><i><h6>nie tylko do tego, żeby zaimponować małej grupie językowych nerdów, </h6></i></p>",<h3>to impress</h3>,"<p><i><h6>nie tylko do tego, żeby zaimponować małej grupie językowych nerdów, </h6></i></p>"
137,zająć,zająć,to take care of,ile czasu zajęło ci nauczenie się polskiego?,"<h4 style='color:rgb(0, 180, 250)'>zająć</h4>    <p><i><h6>ile czasu zajęło ci nauczenie się polskiego? </h6></i></p>",<h3>to take care of</h3>,<p><i><h6>ile czasu zajęło ci nauczenie się polskiego? </h6></i></p>
138,zajęcia,zajęcia,classes, Regularność zajęć z języka polskiego,"<h4 style='color:rgb(0, 180, 250)'>zajęcia</h4>    <p><i><h6> Regularność zajęć z języka polskiego </h6></i></p>",<h3>classes</h3>,<p><i><h6> Regularność zajęć z języka polskiego </h6></i></p>
139,zależy,to zależy,depends on,"Oczywiście to zależy, skąd pochodzisz i jaki jest twój język ojczysty","<h4 style='color:rgb(0, 180, 250)'>zależy</h4>    <p><i><h6>Oczywiście to zależy, skąd pochodzisz i jaki jest twój język ojczysty </h6></i></p>",<h3>depends on</h3>,"<p><i><h6>Oczywiście to zależy, skąd pochodzisz i jaki jest twój język ojczysty </h6></i></p>"
140,zamęczać,dręczyć,to hassle/pester,"Nie będziecie musieli zamęczać już swoich współlokatorów,","<h4 style='color:rgb(0, 180, 250)'>zamęczać</h4>    <p><i><h6>Nie będziecie musieli zamęczać już swoich współlokatorów, </h6></i></p>",<h3>to hassle/pester</h3>,"<p><i><h6>Nie będziecie musieli zamęczać już swoich współlokatorów, </h6></i></p>"
141,zareagować,reagować,to react, Pewnie zareagowali właśnie tak,"<h4 style='color:rgb(0, 180, 250)'>zareagować</h4>    <p><i><h6> Pewnie zareagowali właśnie tak </h6></i></p>",<h3>to react</h3>,<p><i><h6> Pewnie zareagowali właśnie tak </h6></i></p>
142,zastanawiać się,zastanawiać się,to wonder,"to zastanawiacie się, co wam po tej informacji,","<h4 style='color:rgb(0, 180, 250)'>zastanawiać się</h4>    <p><i><h6>to zastanawiacie się, co wam po tej informacji, </h6></i></p>",<h3>to wonder</h3>,"<p><i><h6>to zastanawiacie się, co wam po tej informacji, </h6></i></p>"
143,założony,założony,established/founded,założone przed wieloma laty polskie miasteczka i wsie,"<h4 style='color:rgb(0, 180, 250)'>założony</h4>    <p><i><h6>założone przed wieloma laty polskie miasteczka i wsie </h6></i></p>",<h3>established/founded</h3>,<p><i><h6>założone przed wieloma laty polskie miasteczka i wsie </h6></i></p>
144,zdarzyć się,wydarzyć się,to happen,"Może się więc zdarzyć, że wybierzecie się do fryzjera","<h4 style='color:rgb(0, 180, 250)'>zdarzyć się</h4>    <p><i><h6>Może się więc zdarzyć, że wybierzecie się do fryzjera </h6></i></p>",<h3>to happen</h3>,"<p><i><h6>Może się więc zdarzyć, że wybierzecie się do fryzjera </h6></i></p>"
145,zdecydowany,zdecydowany,decided/determined/overwhelming,"Tutaj zdecydowana większość ludzi mówi po polsku,","<h4 style='color:rgb(0, 180, 250)'>zdecydowany</h4>    <p><i><h6>Tutaj zdecydowana większość ludzi mówi po polsku, </h6></i></p>",<h3>decided/determined/overwhelming</h3>,"<p><i><h6>Tutaj zdecydowana większość ludzi mówi po polsku, </h6></i></p>"
146,zdziwienie,niespodzianka,surprise/amazement,i wielkiemu zdziwieniu znajomych,"<h4 style='color:rgb(0, 180, 250)'>zdziwienie</h4>    <p><i><h6>i wielkiemu zdziwieniu znajomych </h6></i></p>",<h3>surprise/amazement</h3>,<p><i><h6>i wielkiemu zdziwieniu znajomych </h6></i></p>
147,zdziwiony,zaskoczony,surprised,"My też jesteśmy bardzo zdziwione, ale naprawdę okazuje się,","<h4 style='color:rgb(0, 180, 250)'>zdziwiony</h4>    <p><i><h6>My też jesteśmy bardzo zdziwione, ale naprawdę okazuje się, </h6></i></p>",<h3>surprised</h3>,"<p><i><h6>My też jesteśmy bardzo zdziwione, ale naprawdę okazuje się, </h6></i></p>"
148,znajomy,znajomy,acquaintance,i wielkiemu zdziwieniu znajomych,"<h4 style='color:rgb(0, 180, 250)'>znajomy</h4>    <p><i><h6>i wielkiemu zdziwieniu znajomych </h6></i></p>",<h3>acquaintance</h3>,<p><i><h6>i wielkiemu zdziwieniu znajomych </h6></i></p>
149,zniechęcić,zniechęcać,to discourage,"Co zrobić, żeby nie dać się zniechęcić negatywnym reakcjom otoczenia","<h4 style='color:rgb(0, 180, 250)'>zniechęcić</h4>    <p><i><h6>Co zrobić, żeby nie dać się zniechęcić negatywnym reakcjom otoczenia </h6></i></p>",<h3>to discourage</h3>,"<p><i><h6>Co zrobić, żeby nie dać się zniechęcić negatywnym reakcjom otoczenia </h6></i></p>"
150,związany,zawiązany,associated/related,i trud związany z przełamaniem swoich wewnętrznych oporów,"<h4 style='color:rgb(0, 180, 250)'>związany</h4>    <p><i><h6>i trud związany z przełamaniem swoich wewnętrznych oporów </h6></i></p>",<h3>associated/related</h3>,<p><i><h6>i trud związany z przełamaniem swoich wewnętrznych oporów </h6></i></p>
151,zwracać,powrót,to return,ale jeżeli będziecie zwracać na to więcej uwagi,"<h4 style='color:rgb(0, 180, 250)'>zwracać</h4>    <p><i><h6>ale jeżeli będziecie zwracać na to więcej uwagi </h6></i></p>",<h3>to return</h3>,<p><i><h6>ale jeżeli będziecie zwracać na to więcej uwagi </h6></i></p>
152,łaciński,łacina,latin,"dlatego że już umieją alfabet łaciński,","<h4 style='color:rgb(0, 180, 250)'>łaciński</h4>    <p><i><h6>dlatego że już umieją alfabet łaciński, </h6></i></p>",<h3>latin</h3>,"<p><i><h6>dlatego że już umieją alfabet łaciński, </h6></i></p>"
153,łatwość,łatwość,ease/simplicity,niektóre się powtarzają i da się tego z łatwością nauczyć,"<h4 style='color:rgb(0, 180, 250)'>łatwość</h4>    <p><i><h6>niektóre się powtarzają i da się tego z łatwością nauczyć </h6></i></p>",<h3>ease/simplicity</h3>,<p><i><h6>niektóre się powtarzają i da się tego z łatwością nauczyć </h6></i></p>
154,śmiać się,śmiać się,to laugh,"Jest to śmiała, a nawet brawurowa decyzja,","<h4 style='color:rgb(0, 180, 250)'>śmiać się</h4>    <p><i><h6>Jest to śmiała, a nawet brawurowa decyzja, </h6></i></p>",<h3>to laugh</h3>,"<p><i><h6>Jest to śmiała, a nawet brawurowa decyzja, </h6></i></p>"
155,śmiała,śmiała,bold,"Jest to śmiała, a nawet brawurowa decyzja","<h4 style='color:rgb(0, 180, 250)'>śmiała</h4>    <p><i><h6>Jest to śmiała, a nawet brawurowa decyzja </h6></i></p>",<h3>bold</h3>,"<p><i><h6>Jest to śmiała, a nawet brawurowa decyzja </h6></i></p>"
